PDB ID,Chain,Res Name,Res ID,Pre pKa,Cal pKa,Expt pKa,model pKa,Pre pKa shift,Cal pKa shift,Expt pKa shift,|Pre pKa shift|,|Cal pKa shift|,|Expt pKa shift|,Pre - Expt pKa,Cal - Expt pKa,Pre - Cal pKa,|Pre - Expt pKa|,|Cal - Expt pKa|,|Pre - Cal pKa|
3C1E,A,LYS,119,6.936413288116455,5.423333689733453,6.2,10.4,-3.4635867118835453,-4.9766663102665465,-4.2,3.4635867118835453,4.9766663102665465,4.2,0.7364132881164549,-0.7766663102665472,1.513079598383002,0.7364132881164549,0.7766663102665472,1.513079598383002
2BCA,A,LYS,7,10.949714660644533,11.32000880200112,11.36,10.4,0.5497146606445309,0.920008802001119,0.9599999999999992,0.5497146606445309,0.920008802001119,0.9599999999999992,-0.4102853393554664,-0.03999119799888007,-0.37029414135658634,0.4102853393554664,0.03999119799888007,0.37029414135658634
1BPI,A,LYS,15,10.564657211303713,10.359776753719233,10.6,10.4,0.16465721130371058,-0.040223246280767455,0.1999999999999993,0.16465721130371058,0.040223246280767455,0.1999999999999993,-0.03534278869628693,-0.24022324628076674,0.2048804575844798,0.03534278869628693,0.24022324628076674,0.2048804575844798
1BPI,A,LYS,46,10.678159713745117,10.227616783078672,10.6,10.4,0.27815971374511683,-0.17238321692132885,0.1999999999999993,0.27815971374511683,0.17238321692132885,0.1999999999999993,0.07815971374511754,-0.37238321692132814,0.4505429306664457,0.07815971374511754,0.37238321692132814,0.4505429306664457
1PPF,I,LYS,29,11.019308090209961,11.03405961695804,11.12,10.4,0.6193080902099606,0.6340596169580389,0.7199999999999989,0.6193080902099606,0.6340596169580389,0.7199999999999989,-0.10069190979003828,-0.08594038304195983,-0.014751526748078447,0.10069190979003828,0.08594038304195983,0.014751526748078447
2BCA,A,LYS,72,11.006101608276367,11.282415424415868,11.33,10.4,0.6061016082763668,0.8824154244158677,0.9299999999999996,0.6061016082763668,0.8824154244158677,0.9299999999999996,-0.3238983917236329,-0.04758457558413198,-0.2763138161395009,0.3238983917236329,0.04758457558413198,0.2763138161395009
1BHC,J,LYS,41,10.655752182006836,10.217429520707418,10.8,10.4,0.2557521820068356,-0.18257047929258266,0.4000000000000004,0.2557521820068356,0.18257047929258266,0.4000000000000004,-0.14424781799316477,-0.582570479292583,0.4383226612994182,0.14424781799316477,0.582570479292583,0.4383226612994182
1IG5,A,LYS,12,10.669366836547852,11.23435017911756,11.06,10.4,0.2693668365478512,0.8343501791175605,0.6600000000000001,0.2693668365478512,0.8343501791175605,0.6600000000000001,-0.39063316345214893,0.17435017911756034,-0.5649833425697093,0.39063316345214893,0.17435017911756034,0.5649833425697093
1LSE,A,LYS,33,10.229024887084961,10.025108739077416,10.6,10.4,-0.17097511291503942,-0.3748912609225847,0.1999999999999993,0.17097511291503942,0.3748912609225847,0.1999999999999993,-0.3709751129150387,-0.574891260922584,0.20391614800754532,0.3709751129150387,0.574891260922584,0.20391614800754532
1GS9,A,LYS,146,10.190034866333008,9.906689378974429,9.2,10.4,-0.20996513366699252,-0.4933106210255716,-1.200000000000001,0.20996513366699252,0.4933106210255716,1.200000000000001,0.9900348663330085,0.7066893789744295,0.283345487358579,0.9900348663330085,0.7066893789744295,0.283345487358579
1BHC,J,LYS,15,10.620452880859377,10.418593068668915,10.6,10.4,0.22045288085937464,0.01859306866891508,0.1999999999999993,0.22045288085937464,0.01859306866891508,0.1999999999999993,0.02045288085937713,-0.1814069313310842,0.20185981219046134,0.02045288085937713,0.1814069313310842,0.20185981219046134
1GS9,A,LYS,72,10.834272384643556,10.673601020595363,10.0,10.4,0.4342723846435543,0.2736010205953629,-0.4000000000000004,0.4342723846435543,0.2736010205953629,0.4000000000000004,0.8342723846435565,0.6736010205953633,0.16067136404819315,0.8342723846435565,0.6736010205953633,0.16067136404819315
2OVO,A,LYS,55,10.487290382385254,10.320088449323043,11.1,10.4,0.08729038238525355,-0.07991155067695742,0.6999999999999993,0.08729038238525355,0.07991155067695742,0.6999999999999993,-0.6127096176147457,-0.7799115506769567,0.16720193306221098,0.6127096176147457,0.7799115506769567,0.16720193306221098
2ZTA,A,LYS,28,10.683019638061523,10.675243652517995,10.64,10.4,0.2830196380615231,0.2752436525179949,0.2400000000000002,0.2830196380615231,0.2752436525179949,0.2400000000000002,0.04301963806152287,0.03524365251799466,0.007775985543528208,0.04301963806152287,0.03524365251799466,0.007775985543528208
1BHC,J,LYS,46,10.583934783935547,10.143829497474384,10.6,10.4,0.18393478393554646,-0.2561705025256167,0.1999999999999993,0.18393478393554646,0.2561705025256167,0.1999999999999993,-0.01606521606445277,-0.456170502525616,0.4401052864611632,0.01606521606445277,0.456170502525616,0.4401052864611632
2OVO,A,LYS,34,10.466129302978516,9.80767469707224,10.13,10.4,0.06612930297851527,-0.5923253029277601,-0.2699999999999996,0.06612930297851527,0.5923253029277601,0.2699999999999996,0.33612930297851484,-0.3223253029277604,0.6584546059062752,0.33612930297851484,0.3223253029277604,0.6584546059062752
4ICB,A,LYS,25,10.887199401855467,10.39607407405536,11.81,10.4,0.4871994018554684,-0.003925925944640696,1.41,0.4871994018554684,0.003925925944640696,1.41,-0.9228005981445335,-1.4139259259446408,0.4911253278001073,0.9228005981445335,1.4139259259446408,0.4911253278001073
3RUZ,A,LYS,68,9.07380485534668,6.7618051367386505,7.4,10.4,-1.326195144653321,-3.6381948632613503,-3.0,1.326195144653321,3.6381948632613503,3.0,1.6738048553466793,-0.6381948632613499,2.311999718608029,1.6738048553466793,0.6381948632613499,2.311999718608029
1GS9,A,LYS,143,10.20748805999756,10.022452171942232,9.5,10.4,-0.19251194000244176,-0.377547828057768,-0.9000000000000004,0.19251194000244176,0.377547828057768,0.9000000000000004,0.7074880599975604,0.5224521719422324,0.185035888055328,0.7074880599975604,0.5224521719422324,0.185035888055328
1LSE,A,LYS,13,10.462592124938963,10.308715016893652,10.5,10.4,0.06259212493896449,-0.09128498310634824,0.09999999999999963,0.06259212493896449,0.09128498310634824,0.09999999999999963,-0.03740787506103693,-0.1912849831063479,0.15387710804531096,0.03740787506103693,0.1912849831063479,0.15387710804531096
1IG5,A,LYS,29,10.748586654663086,11.177035817923331,11.28,10.4,0.3485866546630856,0.7770358179233288,0.879999999999999,0.3485866546630856,0.7770358179233288,0.879999999999999,-0.5314133453369134,-0.10296418207666846,-0.42844916326024496,0.5314133453369134,0.10296418207666846,0.42844916326024496
2ZTA,A,LYS,27,10.59041976928711,10.53064734198292,11.1,10.4,0.19041976928710905,0.13064734198291994,0.6999999999999993,0.19041976928710905,0.13064734198291994,0.6999999999999993,-0.5095802307128903,-0.5693526580170793,0.05977242730418908,0.5095802307128903,0.5693526580170793,0.05977242730418908
4ICB,A,LYS,55,11.206865310668944,11.633336928964482,12.12,10.4,0.8068653106689451,1.2333369289644818,1.7199999999999989,0.8068653106689451,1.2333369289644818,1.7199999999999989,-0.9131346893310557,-0.4866630710355171,-0.4264716182955386,0.9131346893310557,0.4866630710355171,0.4264716182955386
1LSE,A,LYS,97,10.67121696472168,11.005402773947957,10.3,10.4,0.2712169647216793,0.6054027739479562,-0.09999999999999963,0.2712169647216793,0.6054027739479562,0.09999999999999963,0.371216964721679,0.7054027739479558,-0.33418580922627683,0.371216964721679,0.7054027739479558,0.33418580922627683
1IG5,A,LYS,1,10.616353988647461,10.805834973095784,10.59,10.4,0.21635398864746055,0.405834973095784,0.1899999999999995,0.21635398864746055,0.405834973095784,0.1899999999999995,0.02635398864746108,0.21583497309578448,-0.1894809844483234,0.02635398864746108,0.21583497309578448,0.1894809844483234
1GS9,A,LYS,75,10.580244064331056,9.433092071679546,10.1,10.4,0.18024406433105436,-0.9669079283204542,-0.3000000000000007,0.18024406433105436,0.9669079283204542,0.3000000000000007,0.4802440643310568,-0.6669079283204535,1.1471519926515104,0.4802440643310568,0.6669079283204535,1.1471519926515104
1IG5,A,LYS,7,10.978317260742188,11.327697875383828,11.36,10.4,0.5783172607421871,0.927697875383828,0.9599999999999992,0.5783172607421871,0.927697875383828,0.9599999999999992,-0.38168273925781193,-0.03230212461617121,-0.3493806146416407,0.38168273925781193,0.03230212461617121,0.3493806146416407
1LSE,A,LYS,96,10.419672012329102,10.482080075823204,10.8,10.4,0.01967201232910121,0.0820800758232032,0.4000000000000004,0.01967201232910121,0.0820800758232032,0.4000000000000004,-0.38032798767089915,-0.31791992417679715,-0.062408063494101995,0.38032798767089915,0.31791992417679715,0.062408063494101995
2BCA,A,LYS,41,10.335470199584961,10.728015567210546,10.93,10.4,-0.06452980041503943,0.3280155672105458,0.5299999999999994,0.06452980041503943,0.3280155672105458,0.5299999999999994,-0.5945298004150388,-0.20198443278945355,-0.39254536762558523,0.5945298004150388,0.20198443278945355,0.39254536762558523
2BCA,A,LYS,55,11.23210906982422,11.509027864807903,12.12,10.4,0.8321090698242184,1.1090278648079028,1.7199999999999989,0.8321090698242184,1.1090278648079028,1.7199999999999989,-0.8878909301757787,-0.610972135192096,-0.27691879498368266,0.8878909301757787,0.610972135192096,0.27691879498368266
1IGD,A,LYS,24,10.383525848388672,10.53137398093525,10.7,10.4,-0.01647415161132848,0.13137398093524946,0.2999999999999989,0.01647415161132848,0.13137398093524946,0.2999999999999989,-0.3164741516113274,-0.1686260190647495,-0.14784813254657792,0.3164741516113274,0.1686260190647495,0.14784813254657792
2OVO,A,LYS,13,10.995830535888672,10.832856469519145,9.86,10.4,0.5958305358886715,0.4328564695191446,-0.5400000000000009,0.5958305358886715,0.4328564695191446,0.5400000000000009,1.1358305358886724,0.9728564695191455,0.16297406636952694,1.1358305358886724,0.9728564695191455,0.16297406636952694
4ICB,A,LYS,12,11.110418319702148,11.296189450183068,11.06,10.4,0.7104183197021481,0.8961894501830674,0.6600000000000001,0.7104183197021481,0.8961894501830674,0.6600000000000001,0.05041831970214794,0.23618945018306725,-0.1857711304809193,0.05041831970214794,0.23618945018306725,0.1857711304809193
1IG5,A,LYS,16,11.119352340698242,11.466524971138172,11.06,10.4,0.7193523406982418,1.066524971138172,0.6600000000000001,0.7193523406982418,1.066524971138172,0.6600000000000001,0.05935234069824169,0.40652497113817176,-0.3471726304399301,0.05935234069824169,0.40652497113817176,0.3471726304399301
1BPI,A,LYS,41,10.343650817871094,10.321177225058193,10.8,10.4,-0.05634918212890661,-0.07882277494180734,0.4000000000000004,0.05634918212890661,0.07882277494180734,0.4000000000000004,-0.45634918212890696,-0.4788227749418077,0.022473592812900733,0.45634918212890696,0.4788227749418077,0.022473592812900733
1GS9,A,LYS,69,10.71148681640625,11.108863177944428,10.4,10.4,0.31148681640624964,0.7088631779444281,0.0,0.31148681640624964,0.7088631779444281,0.0,0.31148681640624964,0.7088631779444281,-0.39737636153817846,0.31148681640624964,0.7088631779444281,0.39737636153817846
2BCA,A,LYS,29,10.238687515258787,11.17423098079173,11.28,10.4,-0.1613124847412113,0.7742309807917298,0.879999999999999,0.1613124847412113,0.7742309807917298,0.879999999999999,-1.041312484741212,-0.1057690192082692,-0.9355434655329429,1.041312484741212,0.1057690192082692,0.9355434655329429
4ICB,A,LYS,41,10.665359497070312,10.631836648134163,10.93,10.4,0.2653594970703121,0.2318366481341627,0.5299999999999994,0.2653594970703121,0.2318366481341627,0.5299999999999994,-0.2646405029296872,-0.29816335186583665,0.03352284893614943,0.2646405029296872,0.29816335186583665,0.03352284893614943
2ZTA,A,LYS,8,10.7777099609375,10.668833161795826,11.26,10.4,0.3777099609374997,0.2688331617958255,0.8599999999999994,0.3777099609374997,0.2688331617958255,0.8599999999999994,-0.4822900390624998,-0.5911668382041739,0.10887679914167414,0.4822900390624998,0.5911668382041739,0.10887679914167414
2OVO,A,LYS,29,10.751728057861328,11.008787996643814,11.12,10.4,0.35172805786132777,0.6087879966438141,0.7199999999999989,0.35172805786132777,0.6087879966438141,0.7199999999999989,-0.3682719421386711,-0.11121200335618475,-0.25705993878248634,0.3682719421386711,0.11121200335618475,0.25705993878248634
1PPF,I,LYS,55,10.640127182006836,10.35302327144564,11.1,10.4,0.2401271820068356,-0.04697672855436075,0.6999999999999993,0.2401271820068356,0.04697672855436075,0.6999999999999993,-0.4598728179931637,-0.74697672855436,0.28710391056119633,0.4598728179931637,0.74697672855436,0.28710391056119633
1PPF,I,LYS,13,11.103532791137695,10.947628346581443,9.87,10.4,0.7035327911376951,0.547628346581444,-0.5300000000000011,0.7035327911376951,0.547628346581444,0.5300000000000011,1.233532791137696,1.0776283465814434,0.15590444455625274,1.233532791137696,1.0776283465814434,0.15590444455625274
4ICB,A,LYS,72,10.365545272827148,11.300647697953506,11.33,10.4,-0.03445472717285192,0.9006476979535059,0.9299999999999996,0.03445472717285192,0.9006476979535059,0.9299999999999996,-0.9644547271728516,-0.02935230204649386,-0.9351024251263578,0.9644547271728516,0.02935230204649386,0.9351024251263578
1GS9,A,LYS,95,10.700523376464844,10.44127167515958,10.1,10.4,0.3005233764648434,0.04127167515957986,-0.3000000000000007,0.3005233764648434,0.04127167515957986,0.3000000000000007,0.6005233764648441,0.34127167515958057,0.25925170130526354,0.6005233764648441,0.34127167515958057,0.25925170130526354
1BPI,A,LYS,26,10.587127685546877,10.562512896198989,10.6,10.4,0.18712768554687464,0.16251289619898834,0.1999999999999993,0.18712768554687464,0.16251289619898834,0.1999999999999993,-0.012872314453122868,-0.037487103801010946,0.024614789347888077,0.012872314453122868,0.037487103801010946,0.024614789347888077
4ICB,A,LYS,7,11.1365966796875,11.369946660860867,11.36,10.4,0.7365966796874996,0.9699466608608668,0.9599999999999992,0.7365966796874996,0.9699466608608668,0.9599999999999992,-0.22340332031249943,0.009946660860867595,-0.23334998117336703,0.22340332031249943,0.009946660860867595,0.23334998117336703
1IG5,A,LYS,71,10.535396575927734,10.795966594469123,10.73,10.4,0.13539657592773402,0.3959665944691224,0.3300000000000001,0.13539657592773402,0.3959665944691224,0.3300000000000001,-0.19460342407226605,0.06596659446912234,-0.2605700185413884,0.19460342407226605,0.06596659446912234,0.2605700185413884
1MUT,A,LYS,39,11.108823776245117,10.748281066238343,8.4,10.4,0.7088237762451168,0.3482810662383429,-2.0,0.7088237762451168,0.3482810662383429,2.0,2.708823776245117,2.348281066238343,0.36054271000677396,2.708823776245117,2.348281066238343,0.36054271000677396
1IG5,A,LYS,55,11.256113052368164,11.583389108741212,12.12,10.4,0.8561130523681637,1.1833891087412116,1.7199999999999989,0.8561130523681637,1.1833891087412116,1.7199999999999989,-0.8638869476318352,-0.5366108912587872,-0.3272760563730479,0.8638869476318352,0.5366108912587872,0.3272760563730479
1BHC,J,LYS,26,10.770967483520508,10.51896322460765,10.6,10.4,0.37096748352050746,0.11896322460764885,0.1999999999999993,0.37096748352050746,0.11896322460764885,0.1999999999999993,0.17096748352050817,-0.08103677539235044,0.2520042589128586,0.17096748352050817,0.08103677539235044,0.2520042589128586
1GS9,A,LYS,157,10.807289123535156,10.95067730338658,11.1,10.4,0.4072891235351559,0.5506773033865802,0.6999999999999993,0.4072891235351559,0.5506773033865802,0.6999999999999993,-0.2927108764648434,-0.14932269661341913,-0.14338817985142427,0.2927108764648434,0.14932269661341913,0.14338817985142427
1IG5,A,LYS,72,10.667009353637695,10.847052490259808,11.33,10.4,0.26700935363769496,0.4470524902598072,0.9299999999999996,0.26700935363769496,0.4470524902598072,0.9299999999999996,-0.6629906463623048,-0.4829475097401925,-0.18004313662211224,0.6629906463623048,0.4829475097401925,0.18004313662211224
1IG5,A,LYS,25,10.869882583618164,10.516309980239518,11.81,10.4,0.4698825836181637,0.11630998023951733,1.41,0.4698825836181637,0.11630998023951733,1.41,-0.9401174163818364,-1.2936900197604828,0.3535726033786464,0.9401174163818364,1.2936900197604828,0.3535726033786464
1PPF,I,LYS,34,10.714845657348633,9.690117024104564,10.13,10.4,0.3148456573486325,-0.7098829758954359,-0.2699999999999996,0.3148456573486325,0.7098829758954359,0.2699999999999996,0.584845657348632,-0.43988297589543635,1.0247286332440684,0.584845657348632,0.43988297589543635,1.0247286332440684
1LSE,A,LYS,1,10.613889694213867,10.453100989815082,10.8,10.4,0.21388969421386686,0.05310098981508205,0.4000000000000004,0.21388969421386686,0.05310098981508205,0.4000000000000004,-0.18611030578613352,-0.3468990101849183,0.1607887043987848,0.18611030578613352,0.3468990101849183,0.1607887043987848
2ZTA,A,LYS,15,10.722848892211914,10.69713943587162,10.62,10.4,0.3228488922119137,0.2971394358716193,0.21999999999999886,0.3228488922119137,0.2971394358716193,0.21999999999999886,0.10284889221191484,0.07713943587162042,0.025709456340294423,0.10284889221191484,0.07713943587162042,0.025709456340294423
2BCA,A,LYS,12,10.681777954101562,11.294116998962094,11.06,10.4,0.2817779541015621,0.8941169989620938,0.6600000000000001,0.2817779541015621,0.8941169989620938,0.6600000000000001,-0.378222045898438,0.2341169989620937,-0.6123390448605317,0.378222045898438,0.2341169989620937,0.6123390448605317
4ICB,A,LYS,16,11.142766952514648,11.48985857983136,10.06,10.4,0.7427669525146481,1.0898585798313594,-0.33999999999999986,0.7427669525146481,1.0898585798313594,0.33999999999999986,1.082766952514648,1.4298585798313592,-0.3470916273167113,1.082766952514648,1.4298585798313592,0.3470916273167113
4HMI,A,LYS,93,6.753711700439452,5.8,6.5,10.4,-3.6462882995605472,-4.6000000000000005,-3.9,3.6462882995605472,4.6000000000000005,3.9,0.25371170043945224,-0.7000000000000002,0.9537117004394524,0.25371170043945224,0.7000000000000002,0.9537117004394524
4ICB,A,LYS,1,10.923002243041992,10.512254227057387,10.59,10.4,0.5230022430419918,0.1122542270573863,0.1899999999999995,0.5230022430419918,0.1122542270573863,0.1899999999999995,0.33300224304199233,-0.0777457729426132,0.41074801598460553,0.33300224304199233,0.0777457729426132,0.41074801598460553
4ICB,A,LYS,29,10.670957565307617,11.02972253699739,11.28,10.4,0.27095756530761683,0.6297225369973898,0.879999999999999,0.27095756530761683,0.6297225369973898,0.879999999999999,-0.6090424346923822,-0.2502774630026092,-0.35876497168977295,0.6090424346923822,0.2502774630026092,0.35876497168977295
4ICB,A,LYS,71,10.7109375,10.734693608628435,10.72,10.4,0.31093749999999964,0.33469360862843445,0.3200000000000003,0.31093749999999964,0.33469360862843445,0.3200000000000003,-0.00906250000000064,0.014693608628434163,-0.023756108628434802,0.00906250000000064,0.014693608628434163,0.023756108628434802
2BCA,A,LYS,71,10.780265808105467,10.917128427376204,10.73,10.4,0.3802658081054684,0.5171284273762051,0.3300000000000001,0.3802658081054684,0.5171284273762051,0.3300000000000001,0.05026580810546655,0.18712842737620328,-0.13686261927073673,0.05026580810546655,0.18712842737620328,0.13686261927073673
2ZTA,A,LYS,3,10.611225128173828,10.665546991600783,10.78,10.4,0.21122512817382774,0.26554699160078243,0.37999999999999895,0.21122512817382774,0.26554699160078243,0.37999999999999895,-0.16877487182617124,-0.11445300839921657,-0.054321863426954664,0.16877487182617124,0.11445300839921657,0.054321863426954664
2BCA,A,LYS,1,10.638870239257812,10.648771000059503,10.59,10.4,0.2388702392578121,0.24877100005950226,0.1899999999999995,0.2388702392578121,0.24877100005950226,0.1899999999999995,0.04887023925781264,0.058771000059502754,-0.009900760801690112,0.04887023925781264,0.058771000059502754,0.009900760801690112
1IG5,A,LYS,41,10.701040267944336,10.599600111778415,10.93,10.4,0.3010402679443356,0.1996001117784143,0.5299999999999994,0.3010402679443356,0.1996001117784143,0.5299999999999994,-0.22895973205566378,-0.33039988822158506,0.10144015616592128,0.22895973205566378,0.33039988822158506,0.10144015616592128
1LSE,A,LYS,116,10.563119888305664,10.41581727386924,10.4,10.4,0.1631198883056637,0.01581727386924037,0.0,0.1631198883056637,0.01581727386924037,0.0,0.1631198883056637,0.015817273869240367,0.14730261443642334,0.1631198883056637,0.015817273869240367,0.14730261443642334
2BCA,A,LYS,16,11.143888473510742,11.300613453201828,11.06,10.4,0.7438884735107418,0.900613453201828,0.6600000000000001,0.7438884735107418,0.900613453201828,0.6600000000000001,0.08388847351074169,0.2406134532018278,-0.15672497969108612,0.08388847351074169,0.2406134532018278,0.15672497969108612
