PDB ID,Chain,Res Name,Res ID,Pre pKa,Cal pKa,Expt pKa,model pKa,Pre pKa shift,Cal pKa shift,Expt pKa shift,|Pre pKa shift|,|Cal pKa shift|,|Expt pKa shift|,Pre - Expt pKa,Cal - Expt pKa,Pre - Cal pKa,|Pre - Expt pKa|,|Cal - Expt pKa|,|Pre - Cal pKa|
3C1E,A,LYS,119,6.936413288116455,5.423333689733453,6.2,10.4,-3.4635867118835453,-4.9766663102665465,-4.2,3.4635867118835453,4.9766663102665465,4.2,0.7364132881164549,-0.7766663102665472,1.513079598383002,0.7364132881164549,0.7766663102665472,1.513079598383002
3RUZ,A,LYS,68,9.07380485534668,6.7618051367386505,7.4,10.4,-1.326195144653321,-3.6381948632613503,-3.0,1.326195144653321,3.6381948632613503,3.0,1.6738048553466793,-0.6381948632613499,2.311999718608029,1.6738048553466793,0.6381948632613499,2.311999718608029
4HMI,A,LYS,93,6.753713130950928,5.8,6.5,10.4,-3.6462868690490726,-4.6000000000000005,-3.9,3.6462868690490726,4.6000000000000005,3.9,0.25371313095092773,-0.7000000000000002,0.9537131309509279,0.25371313095092773,0.7000000000000002,0.9537131309509279
4ICB,A,LYS,55,11.206865310668944,11.633336928964482,12.12,10.4,0.8068653106689451,1.2333369289644818,1.7199999999999989,0.8068653106689451,1.2333369289644818,1.7199999999999989,-0.9131346893310557,-0.4866630710355171,-0.4264716182955386,0.9131346893310557,0.4866630710355171,0.4264716182955386
2BCA,A,LYS,55,11.23210906982422,11.509027864807903,12.12,10.4,0.8321090698242184,1.1090278648079028,1.7199999999999989,0.8321090698242184,1.1090278648079028,1.7199999999999989,-0.8878909301757787,-0.610972135192096,-0.27691879498368266,0.8878909301757787,0.610972135192096,0.27691879498368266
1MUT,A,LYS,39,11.108823776245117,10.748281066238343,8.4,10.4,0.7088237762451168,0.3482810662383429,-2.0,0.7088237762451168,0.3482810662383429,2.0,2.708823776245117,2.348281066238343,0.36054271000677396,2.708823776245117,2.348281066238343,0.36054271000677396
1IG5,A,LYS,55,11.256113052368164,11.583389108741212,12.12,10.4,0.8561130523681637,1.1833891087412116,1.7199999999999989,0.8561130523681637,1.1833891087412116,1.7199999999999989,-0.8638869476318352,-0.5366108912587872,-0.3272760563730479,0.8638869476318352,0.5366108912587872,0.3272760563730479
1IG5,A,LYS,25,10.869882583618164,10.516309980239518,11.81,10.4,0.4698825836181637,0.11630998023951733,1.41,0.4698825836181637,0.11630998023951733,1.41,-0.9401174163818364,-1.2936900197604828,0.3535726033786464,0.9401174163818364,1.2936900197604828,0.3535726033786464
1GS9,A,LYS,146,10.190034866333008,9.906689378974429,9.2,10.4,-0.20996513366699252,-0.4933106210255716,-1.200000000000001,0.20996513366699252,0.4933106210255716,1.200000000000001,0.9900348663330085,0.7066893789744295,0.283345487358579,0.9900348663330085,0.7066893789744295,0.283345487358579
4ICB,A,LYS,25,10.887199401855467,10.39607407405536,11.81,10.4,0.4871994018554684,-0.003925925944640696,1.41,0.4871994018554684,0.003925925944640696,1.41,-0.9228005981445335,-1.4139259259446408,0.4911253278001073,0.9228005981445335,1.4139259259446408,0.4911253278001073
2ZTA,A,LYS,8,10.7777099609375,10.668833161795826,11.26,10.4,0.3777099609374997,0.2688331617958255,0.8599999999999994,0.3777099609374997,0.2688331617958255,0.8599999999999994,-0.4822900390624998,-0.5911668382041739,0.10887679914167414,0.4822900390624998,0.5911668382041739,0.10887679914167414
1PPF,I,LYS,13,11.103532791137695,10.947628346581443,9.87,10.4,0.7035327911376951,0.547628346581444,-0.5300000000000011,0.7035327911376951,0.547628346581444,0.5300000000000011,1.233532791137696,1.0776283465814434,0.15590444455625274,1.233532791137696,1.0776283465814434,0.15590444455625274
4ICB,A,LYS,12,11.110418319702148,11.296189450183068,11.06,10.4,0.7104183197021481,0.8961894501830674,0.6600000000000001,0.7104183197021481,0.8961894501830674,0.6600000000000001,0.05041831970214794,0.23618945018306725,-0.1857711304809193,0.05041831970214794,0.23618945018306725,0.1857711304809193
2ZTA,A,LYS,27,10.59041976928711,10.53064734198292,11.1,10.4,0.19041976928710905,0.13064734198291994,0.6999999999999993,0.19041976928710905,0.13064734198291994,0.6999999999999993,-0.5095802307128903,-0.5693526580170793,0.05977242730418908,0.5095802307128903,0.5693526580170793,0.05977242730418908
2BCA,A,LYS,29,10.238687515258787,11.17423098079173,11.28,10.4,-0.1613124847412113,0.7742309807917298,0.879999999999999,0.1613124847412113,0.7742309807917298,0.879999999999999,-1.041312484741212,-0.1057690192082692,-0.9355434655329429,1.041312484741212,0.1057690192082692,0.9355434655329429
2BCA,A,LYS,12,10.681777954101562,11.294116998962094,11.06,10.4,0.2817779541015621,0.8941169989620938,0.6600000000000001,0.2817779541015621,0.8941169989620938,0.6600000000000001,-0.378222045898438,0.2341169989620937,-0.6123390448605317,0.378222045898438,0.2341169989620937,0.6123390448605317
1IG5,A,LYS,7,10.978317260742188,11.327697875383828,11.36,10.4,0.5783172607421871,0.927697875383828,0.9599999999999992,0.5783172607421871,0.927697875383828,0.9599999999999992,-0.38168273925781193,-0.03230212461617121,-0.3493806146416407,0.38168273925781193,0.03230212461617121,0.3493806146416407
2BCA,A,LYS,41,10.335470199584961,10.728015567210546,10.93,10.4,-0.06452980041503943,0.3280155672105458,0.5299999999999994,0.06452980041503943,0.3280155672105458,0.5299999999999994,-0.5945298004150388,-0.20198443278945355,-0.39254536762558523,0.5945298004150388,0.20198443278945355,0.39254536762558523
1IG5,A,LYS,16,11.119352340698242,11.466524971138172,11.06,10.4,0.7193523406982418,1.066524971138172,0.6600000000000001,0.7193523406982418,1.066524971138172,0.6600000000000001,0.05935234069824169,0.40652497113817176,-0.3471726304399301,0.05935234069824169,0.40652497113817176,0.3471726304399301
1GS9,A,LYS,143,10.20748805999756,10.022452171942232,9.5,10.4,-0.19251194000244176,-0.377547828057768,-0.9000000000000004,0.19251194000244176,0.377547828057768,0.9000000000000004,0.7074880599975604,0.5224521719422324,0.185035888055328,0.7074880599975604,0.5224521719422324,0.185035888055328
2BCA,A,LYS,16,11.143888473510742,11.300613453201828,11.06,10.4,0.7438884735107418,0.900613453201828,0.6600000000000001,0.7438884735107418,0.900613453201828,0.6600000000000001,0.08388847351074169,0.2406134532018278,-0.15672497969108612,0.08388847351074169,0.2406134532018278,0.15672497969108612
1IG5,A,LYS,29,10.748586654663086,11.177035817923331,11.28,10.4,0.3485866546630856,0.7770358179233288,0.879999999999999,0.3485866546630856,0.7770358179233288,0.879999999999999,-0.5314133453369134,-0.10296418207666846,-0.42844916326024496,0.5314133453369134,0.10296418207666846,0.42844916326024496
1IG5,A,LYS,72,10.667009353637695,10.847052490259808,11.33,10.4,0.26700935363769496,0.4470524902598072,0.9299999999999996,0.26700935363769496,0.4470524902598072,0.9299999999999996,-0.6629906463623048,-0.4829475097401925,-0.18004313662211224,0.6629906463623048,0.4829475097401925,0.18004313662211224
4ICB,A,LYS,41,10.665359497070312,10.631836648134163,10.93,10.4,0.2653594970703121,0.2318366481341627,0.5299999999999994,0.2653594970703121,0.2318366481341627,0.5299999999999994,-0.2646405029296872,-0.29816335186583665,0.03352284893614943,0.2646405029296872,0.29816335186583665,0.03352284893614943
1IG5,A,LYS,71,10.535396575927734,10.795966594469123,10.73,10.4,0.13539657592773402,0.3959665944691224,0.3300000000000001,0.13539657592773402,0.3959665944691224,0.3300000000000001,-0.19460342407226605,0.06596659446912234,-0.2605700185413884,0.19460342407226605,0.06596659446912234,0.2605700185413884
1BHC,J,LYS,46,10.583934783935547,10.143829497474384,10.6,10.4,0.18393478393554646,-0.2561705025256167,0.1999999999999993,0.18393478393554646,0.2561705025256167,0.1999999999999993,-0.01606521606445277,-0.456170502525616,0.4401052864611632,0.01606521606445277,0.456170502525616,0.4401052864611632
1GS9,A,LYS,75,10.580244064331056,9.433092071679546,10.1,10.4,0.18024406433105436,-0.9669079283204542,-0.3000000000000007,0.18024406433105436,0.9669079283204542,0.3000000000000007,0.4802440643310568,-0.6669079283204535,1.1471519926515104,0.4802440643310568,0.6669079283204535,1.1471519926515104
2BCA,A,LYS,1,10.638870239257812,10.648771000059503,10.59,10.4,0.2388702392578121,0.24877100005950226,0.1899999999999995,0.2388702392578121,0.24877100005950226,0.1899999999999995,0.04887023925781264,0.058771000059502754,-0.009900760801690112,0.04887023925781264,0.058771000059502754,0.009900760801690112
1LSE,A,LYS,116,10.563119888305664,10.41581727386924,10.4,10.4,0.1631198883056637,0.01581727386924037,0.0,0.1631198883056637,0.01581727386924037,0.0,0.1631198883056637,0.015817273869240367,0.14730261443642334,0.1631198883056637,0.015817273869240367,0.14730261443642334
1BPI,A,LYS,26,10.587127685546877,10.562512896198989,10.6,10.4,0.18712768554687464,0.16251289619898834,0.1999999999999993,0.18712768554687464,0.16251289619898834,0.1999999999999993,-0.012872314453122868,-0.037487103801010946,0.024614789347888077,0.012872314453122868,0.037487103801010946,0.024614789347888077
